<ImportExportXml xmlns:xsi="http://www.w3.org/2001/XMLSchema-instance">
  <Entities></Entities>
  <Roles></Roles>
  <Workflows>
    <Workflow WorkflowId="{80044d39-042d-ec11-b6e6-000d3ae76a75}" Name="Create Autoscale Flow">
      <JsonFileName>/Workflows/CreateAutoscaleFlow-80044D39-042D-EC11-B6E6-000D3AE76A75.json</JsonFileName>
      <Type>1</Type>
      <Subprocess>0</Subprocess>
      <Category>5</Category>
      <Mode>0</Mode>
      <Scope>4</Scope>
      <OnDemand>0</OnDemand>
      <TriggerOnCreate>0</TriggerOnCreate>
      <TriggerOnDelete>0</TriggerOnDelete>
      <AsyncAutodelete>0</AsyncAutodelete>
      <SyncWorkflowLogOnFailure>0</SyncWorkflowLogOnFailure>
      <StateCode>1</StateCode>
      <StatusCode>2</StatusCode>
      <RunAs>1</RunAs>
      <IsTransacted>1</IsTransacted>
      <IntroducedVersion>1.0.0.0</IntroducedVersion>
      <IsCustomizable>1</IsCustomizable>
      <BusinessProcessType>0</BusinessProcessType>
      <IsCustomProcessingStepAllowedForOtherPublishers>1</IsCustomProcessingStepAllowedForOtherPublishers>
      <PrimaryEntity>none</PrimaryEntity>
      <LocalizedNames>
        <LocalizedName languagecode="1033" description="Create Autoscale Flow" />
      </LocalizedNames>
    </Workflow>
    <Workflow WorkflowId="{8f257b7b-062d-ec11-b6e6-000d3ae76a75}" Name="VM Orchestration Sample Flow">
      <JsonFileName>/Workflows/VMOrchestrationSampleFlow-8F257B7B-062D-EC11-B6E6-000D3AE76A75.json</JsonFileName>
      <Type>1</Type>
      <Subprocess>0</Subprocess>
      <Category>5</Category>
      <Mode>0</Mode>
      <Scope>4</Scope>
      <OnDemand>0</OnDemand>
      <TriggerOnCreate>0</TriggerOnCreate>
      <TriggerOnDelete>0</TriggerOnDelete>
      <AsyncAutodelete>0</AsyncAutodelete>
      <SyncWorkflowLogOnFailure>0</SyncWorkflowLogOnFailure>
      <StateCode>0</StateCode>
      <StatusCode>1</StatusCode>
      <RunAs>1</RunAs>
      <IsTransacted>1</IsTransacted>
      <IntroducedVersion>1.0.0.0</IntroducedVersion>
      <IsCustomizable>1</IsCustomizable>
      <BusinessProcessType>0</BusinessProcessType>
      <IsCustomProcessingStepAllowedForOtherPublishers>1</IsCustomProcessingStepAllowedForOtherPublishers>
      <PrimaryEntity>none</PrimaryEntity>
      <LocalizedNames>
        <LocalizedName languagecode="1033" description="VM Orchestration Sample Flow" />
      </LocalizedNames>
    </Workflow>
    <Workflow WorkflowId="{3082b936-072d-ec11-b6e6-000d3ae76a75}" Name="Get Subscriptions">
      <JsonFileName>/Workflows/GetSubscriptions-3082B936-072D-EC11-B6E6-000D3AE76A75.json</JsonFileName>
      <Type>1</Type>
      <Subprocess>0</Subprocess>
      <Category>5</Category>
      <Mode>0</Mode>
      <Scope>4</Scope>
      <OnDemand>0</OnDemand>
      <TriggerOnCreate>0</TriggerOnCreate>
      <TriggerOnDelete>0</TriggerOnDelete>
      <AsyncAutodelete>0</AsyncAutodelete>
      <SyncWorkflowLogOnFailure>0</SyncWorkflowLogOnFailure>
      <StateCode>1</StateCode>
      <StatusCode>2</StatusCode>
      <RunAs>1</RunAs>
      <IsTransacted>1</IsTransacted>
      <IntroducedVersion>1.0.0.0</IntroducedVersion>
      <IsCustomizable>1</IsCustomizable>
      <BusinessProcessType>0</BusinessProcessType>
      <IsCustomProcessingStepAllowedForOtherPublishers>1</IsCustomProcessingStepAllowedForOtherPublishers>
      <PrimaryEntity>none</PrimaryEntity>
      <LocalizedNames>
        <LocalizedName languagecode="1033" description="Get Subscriptions" />
      </LocalizedNames>
    </Workflow>
  </Workflows>
  <FieldSecurityProfiles></FieldSecurityProfiles>
  <Templates />
  <EntityMaps />
  <EntityRelationships />
  <OrganizationSettings />
  <optionsets />
  <CustomControls />
  <EntityDataProviders />
  <CanvasApps>
    <CanvasApp>
      <Name>avdkit_avdintegrationconfigurationapp_f5d60</Name>
      <AppVersion>2021-10-27T11:34:43Z</AppVersion>
      <Status>Ready</Status>
      <CreatedByClientVersion>3.21103.27.0</CreatedByClientVersion>
      <MinClientVersion>3.21103.27.0</MinClientVersion>
      <Tags>{"primaryDeviceWidth":"1366","primaryDeviceHeight":"768","sienaVersion":"8284ef4f-acde-434b-87cb-a96b6ba04873","deviceCapabilities":"","supportsPortrait":"false","supportsLandscape":"true","primaryFormFactor":"Tablet","publisherVersion":"3.21103.27","minimumRequiredApiVersion":"2.2.0","hasComponent":"true","hasUnlockedComponent":"true","isUnifiedRootApp":"false"}</Tags>
      <IsCdsUpgraded>0</IsCdsUpgraded>
      <GalleryItemId xsi:nil="true"></GalleryItemId>
      <BackgroundColor>rgba(0, 92, 230, 1)</BackgroundColor>
      <DisplayName>AVD Integration Configuration App</DisplayName>
      <Description>Integrate with your AVD deployment and configure new flows to scale your VMs depending on your workloads.</Description>
      <CommitMessage xsi:nil="true"></CommitMessage>
      <Publisher xsi:nil="true"></Publisher>
      <AuthorizationReferences>[]</AuthorizationReferences>
      <ConnectionReferences>{"4daef428-a722-445c-9ccd-1897fd3629d8":{"id":"/providers/microsoft.powerapps/apis/shared_arm","displayName":"Azure Resource Manager","iconUri":"https://connectoricons-prod.azureedge.net/releases/v1.0.1514/1.0.1514.2551/arm/icon.png","dataSources":["AzureResourceManager"],"dependencies":[],"dependents":[],"parameterHints":{},"parameterHintsV2":{},"isOnPremiseConnection":false,"bypassConsent":false,"dataSets":{},"apiTier":"Premium"},"66c66a1e-9c4b-4afd-b464-6af69e44c16b":{"id":"/providers/microsoft.powerapps/apis/shared_flowmanagement","displayName":"Power Automate Management","iconUri":"https://connectoricons-prod.azureedge.net/releases/v1.0.1509/1.0.1509.2535/flowmanagement/icon.png","dataSources":["PowerAutomateManagement"],"dependencies":[],"dependents":["d5587190-f06a-4739-8829-90345e4286a5"],"parameterHints":{},"parameterHintsV2":{},"isOnPremiseConnection":false,"bypassConsent":false,"dataSets":{},"apiTier":"Standard","actions":["ListUserEnvironments","ListFlowsInEnvironment"]},"d5587190-f06a-4739-8829-90345e4286a5":{"id":"/providers/microsoft.powerapps/apis/shared_logicflows","displayName":"Logic flows","iconUri":"https://connectoricons-prod.azureedge.net/releases/v1.0.1438/1.0.1438.2324/logicflows/icon.png","dataSources":["CreateAutoscaleFlow"],"dependencies":["66c66a1e-9c4b-4afd-b464-6af69e44c16b","f71b1580-ced4-41cf-bb68-7d69e228560c"],"dependents":[],"parameterHints":{"workflowName":{"value":"4b0a70af-3ea0-41d2-8fff-11e7efb61388"},"workflowEntityId":{"value":"80044d39-042d-ec11-b6e6-000d3ae76a75"},"66c66a1e-9c4b-4afd-b464-6af69e44c16b":{"value":"shared_flowmanagement"},"f71b1580-ced4-41cf-bb68-7d69e228560c":{"value":"shared_powerappsforappmakers_1"}},"parameterHintsV2":{"workflowName":{"value":"4b0a70af-3ea0-41d2-8fff-11e7efb61388"},"workflowEntityId":{"value":"80044d39-042d-ec11-b6e6-000d3ae76a75"},"shared_flowmanagement":{"value":"66c66a1e-9c4b-4afd-b464-6af69e44c16b"},"shared_powerappsforappmakers_1":{"value":"f71b1580-ced4-41cf-bb68-7d69e228560c"}},"isOnPremiseConnection":false,"bypassConsent":false,"dataSets":{},"apiTier":"Standard","actions":["Run"]},"f71b1580-ced4-41cf-bb68-7d69e228560c":{"id":"/providers/microsoft.powerapps/apis/shared_powerappsforappmakers","displayName":"Power Apps for Makers","iconUri":"https://connectoricons-prod.azureedge.net/releases/v1.0.1512/1.0.1512.2544/powerappsforappmakers/icon.png","dataSources":[],"dependencies":[],"dependents":["d5587190-f06a-4739-8829-90345e4286a5"],"parameterHints":{},"parameterHintsV2":{},"isOnPremiseConnection":false,"bypassConsent":false,"dataSets":{},"apiTier":"Standard"},"20f85081-afc5-471f-83cc-7ae2d34dfb73":{"id":"/providers/microsoft.powerapps/apis/shared_logicflows","displayName":"Logic flows","iconUri":"https://connectoricons-prod.azureedge.net/releases/v1.0.1438/1.0.1438.2324/logicflows/icon.png","dataSources":["GetSubscriptions"],"dependencies":["b41563f5-c824-4c89-b79b-c1c4bd451677"],"dependents":[],"parameterHints":{"workflowName":{"value":"6b30dfb9-0d8b-4ad9-a182-338b0e897fac"},"workflowEntityId":{"value":"3082b936-072d-ec11-b6e6-000d3ae76a75"},"b41563f5-c824-4c89-b79b-c1c4bd451677":{"value":"shared_keyvault_1"}},"parameterHintsV2":{"workflowName":{"value":"6b30dfb9-0d8b-4ad9-a182-338b0e897fac"},"workflowEntityId":{"value":"3082b936-072d-ec11-b6e6-000d3ae76a75"},"shared_keyvault_1":{"value":"b41563f5-c824-4c89-b79b-c1c4bd451677"}},"isOnPremiseConnection":false,"bypassConsent":false,"dataSets":{},"apiTier":"Standard","actions":["Run"]},"b41563f5-c824-4c89-b79b-c1c4bd451677":{"id":"/providers/microsoft.powerapps/apis/shared_keyvault","displayName":"Azure Key Vault","iconUri":"https://connectoricons-prod.azureedge.net/releases/v1.0.1528/1.0.1528.2589/keyvault/icon.png","dataSources":[],"dependencies":[],"dependents":["20f85081-afc5-471f-83cc-7ae2d34dfb73"],"parameterHints":{},"parameterHintsV2":{},"isOnPremiseConnection":false,"bypassConsent":false,"dataSets":{},"apiTier":"Premium"}}</ConnectionReferences>
      <DatabaseReferences>{"default.cds":{"databaseDetails":{"referenceType":"Environmental","environmentName":"default.cds","overrideValues":{"status":"NotSpecified"}},"dataSources":{"Flow Machine Groups":{"entitySetName":"flowmachinegroups","logicalName":"flowmachinegroup"},"Users":{"entitySetName":"systemusers","logicalName":"systemuser"}}}}</DatabaseReferences>
      <AppComponents>[]</AppComponents>
      <AppComponentDependencies>[]</AppComponentDependencies>
      <CanConsumeAppPass>1</CanConsumeAppPass>
      <CanvasAppType>0</CanvasAppType>
      <BypassConsent>0</BypassConsent>
      <AdminControlBypassConsent>0</AdminControlBypassConsent>
      <EmbeddedApp xsi:nil="true"></EmbeddedApp>
      <IntroducedVersion>1.0</IntroducedVersion>
      <CdsDependencies>{"cdsdependencies":[{"logicalname":"flowmachinegroup","componenttype":1},{"logicalname":"systemuser","componenttype":1}]}</CdsDependencies>
      <IsCustomizable>1</IsCustomizable>
      <BackgroundImageUri>/CanvasApps/avdkit_avdintegrationconfigurationapp_f5d60_BackgroundImageUri</BackgroundImageUri>
      <DocumentUri>/CanvasApps/avdkit_avdintegrationconfigurationapp_f5d60_DocumentUri.msapp</DocumentUri>
    </CanvasApp>
  </CanvasApps>
  <connectionreferences>
    <connectionreference connectionreferencelogicalname="avdkit_AzureAutomationConnection">
      <connectionreferencedisplayname>AzureAutomationConnection</connectionreferencedisplayname>
      <connectorid>/providers/Microsoft.PowerApps/apis/shared_azureautomation</connectorid>
      <iscustomizable>1</iscustomizable>
      <statecode>0</statecode>
      <statuscode>1</statuscode>
    </connectionreference>
    <connectionreference connectionreferencelogicalname="avdkit_AzureVMConnection">
      <connectionreferencedisplayname>Azure VM Connection</connectionreferencedisplayname>
      <connectorid>/providers/Microsoft.PowerApps/apis/shared_azurevm</connectorid>
      <iscustomizable>1</iscustomizable>
      <statecode>0</statecode>
      <statuscode>1</statuscode>
    </connectionreference>
    <connectionreference connectionreferencelogicalname="avdkit_DataverseConnection">
      <connectionreferencedisplayname>DataverseConnection</connectionreferencedisplayname>
      <connectorid>/providers/Microsoft.PowerApps/apis/shared_commondataserviceforapps</connectorid>
      <iscustomizable>1</iscustomizable>
      <statecode>0</statecode>
      <statuscode>1</statuscode>
    </connectionreference>
    <connectionreference connectionreferencelogicalname="avdkit_KeyVaultConnection">
      <connectionreferencedisplayname>KeyVaultConnection</connectionreferencedisplayname>
      <connectorid>/providers/Microsoft.PowerApps/apis/shared_keyvault</connectorid>
      <iscustomizable>1</iscustomizable>
      <statecode>0</statecode>
      <statuscode>1</statuscode>
    </connectionreference>
    <connectionreference connectionreferencelogicalname="avdkit_mgt_connection">
      <connectionreferencedisplayname>Power Automate Management Connection</connectionreferencedisplayname>
      <connectorid>/providers/Microsoft.PowerApps/apis/shared_flowmanagement</connectorid>
      <iscustomizable>1</iscustomizable>
      <statecode>0</statecode>
      <statuscode>1</statuscode>
    </connectionreference>
    <connectionreference connectionreferencelogicalname="avdkit_sharedpowerappsforappmakers_4a223">
      <connectionreferencedisplayname>Power Apps for Makers AzureVirtualDesktopStarterKit-4a223</connectionreferencedisplayname>
      <connectorid>/providers/Microsoft.PowerApps/apis/shared_powerappsforappmakers</connectorid>
      <iscustomizable>1</iscustomizable>
      <statecode>0</statecode>
      <statuscode>1</statuscode>
    </connectionreference>
  </connectionreferences>
  <Languages>
    <Language>1033</Language>
  </Languages>
</ImportExportXml>