<environmentvariabledefinition schemaname="avdkit_SampleOrchestrationFlowId">
  <description default="Flow Id for the VM Orchestration Sample Flow once you imported the solution.">
    <label description="Flow Id for the VM Orchestration Sample Flow once you imported the solution." languagecode="1033" />
  </description>
  <displayname default="Sample Orchestration Flow Id">
    <label description="Sample Orchestration Flow Id" languagecode="1033" />
  </displayname>
  <introducedversion>1.0.0.5</introducedversion>
  <iscustomizable>1</iscustomizable>
  <isrequired>0</isrequired>
  <secretstore>0</secretstore>
  <type>100000000</type>
</environmentvariabledefinition>